Crash Id,Calendar Year,FDOT Crash Number,Reporting Agency Case Number,Reporting Agency Type,FDOT Managing District,County Name,Crash Date,Crash Time,Day,DHSMV City,Crash Report City Code,In Town,On Roadway Name,Int Roadway Name,Reference Distance (Miles),Reference Direction,Officer Latitude,Officer Longitude,FDOT Latitude,FDOT Longitude,FDOT Roadway,Nearest Inventory MP,Nearest Node From Crash,State Road #,US Highway,Crash Side of Road,Accident Lane Number,Travel Direction Vehicle 1,FDOT Road Category,DHSMV Road System Id,Relation to Junction,Crash Harmful Event Location,Intersection Type,Shoulder Type,FDOT Roadway SKID Test Result,FDOT Roadway SKID Test Date,Functional Class,RCI Surface Width,RCI Shoulder Type First,RCI Shoulder Width First,RCI Shoulder Type Second,RCI Shoulder Width Second,RCI Shoulder Type Third,RCI Shoulder Width Third,RCI Median Width,Avg Daily Traffic,AADT Source,RCI Avg Per Truck Traffic,RCI Horiz Curve Condition,Posted Speed Limit,Highest Injury in Crash,CAR Status Code,Alcohols/Drug Involved,Site Location,Lighting,Weather,Road Surface,Roadway Grade,Roadway Alignment,Traffic Way Vehicle 1,Traffic Way Vehicle 2,Traffic Control Vehicle 1,Traffic Control Vehicle 2,Count of Lanes,Road Condition 1,Road Condition 2,Road Condition 3,Environment Condition 1,Environment Condition 2,Environment Condition 3,Crash Harmful Event,Manner of Collision,Vehicle Movement,Driver Action Vehicle 1,Driver Action Vehicle 2,Location Within Workzone,Type of Workzone,Workers Present in Workzone,Law Enforcement Present in Workzone,School Bus Related,Count of Nonfatal Injuries,Count of Traffic Fatalities,Count of Serious Injuries,Count of Pedestrians,Count of Drivers,Count of Bicyclists,Count of Vehicles,Count of Persons,Wrong Way,Workzone Inv,Commercial Vehicle Inv,Intersection Inv,Lane Departure,Speeding,Agressive Driving,Impaired Driver,Impaired Pedestrian,Impaired Bicyclist,Distracted Driver,Speeding or Aggressive Driving,Pedestrian Related,Bicyclist Related,Pedestrian or Bicyclist Related,Motorcycle Inv,No Belt,No Belt - Ages 1-4,No Belt - Ages 5-12,No Belt - Ages 13-17,Driver - Ages Teen,Driver - Ages 65 plus,Driver - Ages 65-69,Driver - Ages 70-74,Driver - Ages 75-79,Driver - Ages 80 plus,ARBM Latitude,ARBM Longitude,UTM Zone 17N X,UTM Zone 17N Y,ARBM Side of Road,Urban Rural Indicator,GIS Street Source,Extract Date,OBJECTID,x,y
2020882836140,2020,882836140,FHPL20OFF034013,FLORIDA HIGHWAY PATROL,04 FOURTH,PALM BEACH,"June 25, 2020",0704,FRIDAY,9394 WEST PALM BEACH,0694,N,I 95,PALM BEACH LAKES BLVD,1,N,26.7260559,-80.0915938,26.7336672,-80.0908799,93220000,29.475,06142,SR 9,I 95,L LEFT,2 THRU LANE 2,S SOUTH,01 INTERSTATE URBAN,01 INTERSTATE,01 NON-JUNCTION,01 ON ROADWAY,01 NOT AT INTERSECTION,01 PAVED,35,"June 10, 2019",11 URBAN PRIN ART INT.,76,PAVED WARN,10,LAWN,12,,0,33,230000,RCI,8,,65,1 NO INJURY,31 Q/C COMPLETED - LOC VERIFIED,0 NO,01 NOT AT INTERSECTION/RRX/BRIDGE,01 DAYLIGHT,01 CLEAR,01 DRY,01 LEVEL,1 STRAIGHT,"TWO-WAY, DIVIDED, POSITIVE MED","TWO-WAY, DIVIDED, POSITIVE MED",NO CONTROLS,NO CONTROLS,11,NONE,NOT CODED,NOT CODED,NONE,NOT CODED,NOT CODED,14 MOTOR VEHICLE IN TRANSPORT,01 FRONT TO REAR,01 STRAIGHT AHEAD,OPERATED MV IN CARLESS OR NEGL,NO CONTRIBUTING ACTION,00 NOT CODED,00 NOT CODED,00 NOT CODED,00 NOT CODED,01 NO,0,0,0,0,2,0,2,4,N,N,N,N,Y,N,N,N,N,N,N,N,N,N,N,N,N,N,N,N,N,N,N,N,N,N,26.733464161,-80.091197275,590380.913792,2957236.964235,L,,ARBM15Q1R2,"January 7, 2023",2732164,-8915711.595675394,3090211.5160283106
2020883025960,2020,883025960,FHPL20OFF028531,FLORIDA HIGHWAY PATROL,04 FOURTH,PALM BEACH,"May 28, 2020",0637,FRIDAY,9394 WEST PALM BEACH,0694,Y,I 95,PALM BEACH LAKES BLVD,0.5,N,26.7189599,-80.08946,26.7264109,-80.091278,93220000,28.975,01221,SR 9,I 95,L LEFT,S SIDE OF ROAD,S SOUTH,01 INTERSTATE URBAN,01 INTERSTATE,01 NON-JUNCTION,02 OFF ROADWAY,01 NOT AT INTERSECTION,01 PAVED,35,"June 10, 2019",11 URBAN PRIN ART INT.,76,PAVED WARN,10,LAWN,12,,0,33,230000,RCI,8,,65,2 POSSIBLE INJURY,31 Q/C COMPLETED - LOC VERIFIED,0 NO,01 NOT AT INTERSECTION/RRX/BRIDGE,03 DAWN,02 CLOUDY,02 WET,01 LEVEL,1 STRAIGHT,"TWO-WAY, DIVIDED, POSITIVE MED",,NO CONTROLS,NOT CODED,11,"RD SURFC (WET, ICY, SNOW, ETC)",NOT CODED,NOT CODED,NONE,NOT CODED,NOT CODED,01 OVERTURN/ROLLOVER,77 OTHER (SEE NARRATIVE),16 LEAVING TRAFFIC LANE,SWERVED OR AVOIDED:  DUE TO WI,NOT CODED,00 NOT CODED,00 NOT CODED,00 NOT CODED,00 NOT CODED,01 NO,1,0,0,0,1,0,1,1,N,N,N,N,Y,N,N,N,N,N,N,N,N,N,N,N,N,N,N,N,N,N,N,N,N,N,26.726203694,-80.091585661,590348.022078,2956432.495299,L,,ARBM15Q1R2,"January 7, 2023",2733076,-8915754.830544181,3089306.580507661
2020894548130,2020,894548130,20200001503,COUNTY SHERIFF'S OFFICE,04 FOURTH,PALM BEACH,"January 21, 2020",1749,WEDNESDAY,9394 WEST PALM BEACH,0694,Y,DIXIE HWY S,ALHAMBRA PL,0.189,N,0,0,26.6511535,-80.0561318,93050000,4.14,00091,SR 805,US 1,R RIGHT,1 THRU LANE 1,N NORTH,21 URBAN 4-5LN 2WY DIVD PAVD,02 U.S.,01 NON-JUNCTION,01 ON ROADWAY,01 NOT AT INTERSECTION,03 CURB,38,"July 20, 2020",16 URBAN MINOR ART,22,CURB&GUTTER,2,,0,,0,12,23000,RCI,4,,35,1 NO INJURY,31 Q/C COMPLETED - LOC VERIFIED,0 NO,01 NOT AT INTERSECTION/RRX/BRIDGE,04 DARK-LIGHTED,03 RAIN,02 WET,01 LEVEL,1 STRAIGHT,"TWO-WAY, NOT DIV, W/CONT LTURN","TWO-WAY, NOT DIV, W/CONT LTURN",NO CONTROLS,NO CONTROLS,4,NONE,NOT CODED,NOT CODED,NONE,NOT CODED,NOT CODED,14 MOTOR VEHICLE IN TRANSPORT,"04 SIDESWIPE, SAME DIRECTION",06 CHANGING LANES,FAILED TO YIELD RIGHT-OF-WAY,NO CONTRIBUTING ACTION,00 NOT CODED,00 NOT CODED,00 NOT CODED,00 NOT CODED,01 NO,0,0,0,0,2,0,2,3,N,N,N,N,Y,N,Y,N,N,N,N,Y,N,N,N,N,N,N,N,N,N,Y,N,N,Y,N,26.651112547,-80.056143533,593934.716709,2948140.776288,C,,ARBM15Q1R2,"January 7, 2023",2734084,-8911809.42957381,3079950.695991893
2020883025990,2020,883025990,FHPL20OFF029347,FLORIDA HIGHWAY PATROL,04 FOURTH,PALM BEACH,"June 1, 2020",1308,TUESDAY,9394 WEST PALM BEACH,0694,N,I 95,NORTHLAKE BLVD,0.25,S,26.7993558,-80.0985529,26.8049993,-80.0982352,93220000,34.479,01196,SR 9,I 95,R RIGHT,3 THRU LANE 3,N NORTH,01 INTERSTATE URBAN,01 INTERSTATE,01 NON-JUNCTION,01 ON ROADWAY,01 NOT AT INTERSECTION,01 PAVED,36,"June 10, 2019",11 URBAN PRIN ART INT.,64,PAVED WARN,10,VALLEY GUTR,3,,0,33,187500,RCI,8,,65,1 NO INJURY,31 Q/C COMPLETED - LOC VERIFIED,0 NO,01 NOT AT INTERSECTION/RRX/BRIDGE,01 DAYLIGHT,03 RAIN,02 WET,01 LEVEL,1 STRAIGHT,"TWO-WAY, DIVIDED, POSITIVE MED","TWO-WAY, DIVIDED, POSITIVE MED",NO CONTROLS,NO CONTROLS,10,"RD SURFC (WET, ICY, SNOW, ETC)",NOT CODED,NOT CODED,NONE,NOT CODED,NOT CODED,14 MOTOR VEHICLE IN TRANSPORT,03 ANGLE,77 OTHER (SEE NARRATIVE),FAILED TO KEEP IN PROPER LANE,NO CONTRIBUTING ACTION,00 NOT CODED,00 NOT CODED,00 NOT CODED,00 NOT CODED,01 NO,0,0,0,0,2,0,2,2,N,N,N,N,Y,N,N,N,N,N,N,N,N,N,N,N,N,N,N,N,N,N,N,N,N,N,26.804881597,-80.098237319,589624.66345,2965142.453228,R,,ARBM15Q1R2,"January 7, 2023",2734146,-8916495.290180862,3099115.9782847525
2020882905670,2020,882905670,FHPL20OFF005509,FLORIDA HIGHWAY PATROL,04 FOURTH,PALM BEACH,"January 24, 2020",0952,SATURDAY,9394 WEST PALM BEACH,0694,N,I 95,FOREST HILL BLVD,0.2,S,26.65531,-80.0693899,26.6524108,-80.0687753,93220000,23.308,02216,SR 9,I 95,R RIGHT,3 THRU LANE 3,N NORTH,01 INTERSTATE URBAN,01 INTERSTATE,01 NON-JUNCTION,10 ROADSIDE,01 NOT AT INTERSECTION,01 PAVED,34,"June 10, 2019",11 URBAN PRIN ART INT.,65,PAVED WARN,10,,0,,0,33,228000,RCI,4.4,,65,3 NO-INCAPACITATING INJURY,31 Q/C COMPLETED - LOC VERIFIED,0 NO,01 NOT AT INTERSECTION/RRX/BRIDGE,01 DAYLIGHT,01 CLEAR,01 DRY,01 LEVEL,1 STRAIGHT,"TWO-WAY, DIVIDED, POSITIVE MED","TWO-WAY, DIVIDED, POSITIVE MED",NO CONTROLS,NO CONTROLS,10,NONE,NOT CODED,NOT CODED,NONE,NOT CODED,NOT CODED,14 MOTOR VEHICLE IN TRANSPORT,"04 SIDESWIPE, SAME DIRECTION",01 STRAIGHT AHEAD,OPERATED MV IN CARLESS OR NEGL,NO CONTRIBUTING ACTION,00 NOT CODED,00 NOT CODED,00 NOT CODED,00 NOT CODED,01 NO,6,0,0,0,4,0,4,6,N,N,N,N,Y,N,N,N,N,N,N,N,N,N,N,N,N,N,N,N,N,N,N,N,N,N,26.652162957,-80.068737605,592680.411149,2948247.921194,R,,ARBM15Q1R2,"January 7, 2023",2734184,-8913211.395714479,3080081.527909802
2020882881470,2020,882881470,FHPL20OFF027539,FLORIDA HIGHWAY PATROL,04 FOURTH,PALM BEACH,"May 23, 2020",2024,SUNDAY,9394 WEST PALM BEACH,0694,N,I 95,FOREST HILL BLVD,0.1,N,26.6608817,-80.0707764,26.6571498,-80.0697765,93220000,23.64,02218,SR 9,I 95,L LEFT,S SIDE OF ROAD,S SOUTH,01 INTERSTATE URBAN,01 INTERSTATE,01 NON-JUNCTION,02 OFF ROADWAY,01 NOT AT INTERSECTION,01 PAVED,34,"June 10, 2019",11 URBAN PRIN ART INT.,65,PAVED WARN,10,,0,,0,33,253000,RCI,8,,65,1 NO INJURY,31 Q/C COMPLETED - LOC VERIFIED,0 NO,01 NOT AT INTERSECTION/RRX/BRIDGE,04 DARK-LIGHTED,03 RAIN,02 WET,01 LEVEL,1 STRAIGHT,"TWO-WAY, DIVIDED, POSITIVE MED",,NO CONTROLS,NOT CODED,10,"RD SURFC (WET, ICY, SNOW, ETC)",NOT CODED,NOT CODED,WEATHER CONDITIONS,NOT CODED,NOT CODED,27 GUARDRAIL FACE,77 OTHER (SEE NARRATIVE),01 STRAIGHT AHEAD,OPERATED MV IN CARLESS OR NEGL,NOT CODED,00 NOT CODED,00 NOT CODED,00 NOT CODED,00 NOT CODED,01 NO,0,0,0,0,1,0,1,2,N,N,N,N,Y,N,N,N,N,N,N,N,N,N,N,N,N,N,N,N,N,N,N,N,N,N,26.656831538,-80.070021652,592548.848812,2948764.094093,L,,ARBM15Q1R2,"January 7, 2023",2734222,-8913354.335175032,3080663.029565111
2020899184650,2020,899184650,20200011554,COUNTY SHERIFF'S OFFICE,04 FOURTH,PALM BEACH,"July 26, 2020",1200,MONDAY,9394 WEST PALM BEACH,0694,Y,SOUTHERN BLVD,LAKE AVE,0,,0,0,26.6758635,-80.0610916,93120000,20.489,00375,SR 80,US 98,R RIGHT,2 THRU LANE 2,N NORTH,21 URBAN 4-5LN 2WY DIVD PAVD,03 STATE,02 INTERSECTION,01 ON ROADWAY,02 FOUR-WAY INTERSECTION,03 CURB,41,"June 5, 2018",16 URBAN MINOR ART,22,RAISED CURB,0,,0,,0,12,32000,RCI,5.8,,35,3 NO-INCAPACITATING INJURY,31 Q/C COMPLETED - LOC VERIFIED,0 NO,02 AT INTERSECTION,01 DAYLIGHT,01 CLEAR,01 DRY,01 LEVEL,1 STRAIGHT,"TWO-WAY, NOT DIVIDED","TWO-WAY, NOT DIV, W/CONT LTURN",TRAFFIC CONTROL SIGNAL,TRAFFIC CONTROL SIGNAL,4,NONE,NOT CODED,NOT CODED,NONE,NOT CODED,NOT CODED,14 MOTOR VEHICLE IN TRANSPORT,03 ANGLE,03 TURNING LEFT,OTHER CONTRIBUTING ACTION,OTHER CONTRIBUTING ACTION,00 NOT CODED,00 NOT CODED,00 NOT CODED,00 NOT CODED,01 NO,1,0,0,0,2,0,2,2,N,N,N,Y,N,N,N,N,N,N,N,N,N,N,N,N,N,N,N,N,N,N,N,N,N,N,26.675851279,-80.061240821,593407.247106,2950877.170348,C,,ARBM15Q1R2,"January 7, 2023",2734588,-8912376.857287433,3083032.3056014017
2020899172200,2020,899172200,20200005689,COUNTY SHERIFF'S OFFICE,04 FOURTH,PALM BEACH,"March 28, 2020",1740,SUNDAY,9394 WEST PALM BEACH,0694,Y,OKEECHOBEE BLVD,I 95,0.011,W,0,0,0,0,93280000,7.692,01755,SR 704,,R RIGHT,3 THRU LANE 3,E EAST,30 URBAN 6+LN 2WY DIVD RASD,03 STATE,14 ENTRANCE/EXIT RAMP,01 ON ROADWAY,01 NOT AT INTERSECTION,03 CURB,35,"August 3, 2020",14 URBAN PRIN ART OTHER,34,PAVED WARN,16,CURB&GUTTER,2,,0,21,57000,RCI,5.8,,45,1 NO INJURY,31 Q/C COMPLETED - LOC VERIFIED,0 NO,01 NOT AT INTERSECTION/RRX/BRIDGE,01 DAYLIGHT,02 CLOUDY,01 DRY,01 LEVEL,1 STRAIGHT,"TWO-WAY, DIVIDED, POSITIVE MED","TWO-WAY, DIVIDED, POSITIVE MED",NO CONTROLS,NO CONTROLS,7,NONE,NOT CODED,NOT CODED,NONE,NOT CODED,NOT CODED,14 MOTOR VEHICLE IN TRANSPORT,03 ANGLE,06 CHANGING LANES,"OPER MV AGRSIVE, ERATIC, RCKLS",NO CONTRIBUTING ACTION,00 NOT CODED,00 NOT CODED,00 NOT CODED,00 NOT CODED,01 NO,0,0,0,0,2,0,2,4,N,N,N,N,N,N,Y,N,N,N,N,Y,N,N,N,N,N,N,N,N,N,N,N,N,N,N,26.705989372,-80.076319702,591882.633282,2954204.407047,R,,ARBM15Q1R2,"January 7, 2023",2734589,-8914055.431257626,3086787.396629536
2020882896650,2020,882896650,FHPL20OFF026580,FLORIDA HIGHWAY PATROL,04 FOURTH,PALM BEACH,"May 19, 2020",1255,WEDNESDAY,9394 WEST PALM BEACH,0694,N,I 95,OKEECHOBEE BLVD,0.009,S,26.7054794,-80.0729922,0,0,93220061,0.167,01757,SR 9,I 95,R RIGHT,X RAMP,N NORTH,07 RAMP URBAN,01 INTERSTATE,01 NON-JUNCTION,01 ON ROADWAY,01 NOT AT INTERSECTION,03 CURB,0,"December 31, 2000",,12,CURB&GUTTER,6,CURB&GUTTER,2,,0,,13000,RCI,3.9,,,1 NO INJURY,31 Q/C COMPLETED - LOC VERIFIED,0 NO,08 EXIT RAMP,01 DAYLIGHT,01 CLEAR,01 DRY,01 LEVEL,2 CURVE RIGHT,ONE-WAY TRAFFICWAY,,YIELD SIGN,NOT CODED,1,NONE,NOT CODED,NOT CODED,NONE,NOT CODED,NOT CODED,09 OTHER NON-COLLISION,77 OTHER (SEE NARRATIVE),01 STRAIGHT AHEAD,NO CONTRIBUTING ACTION,NOT CODED,00 NOT CODED,00 NOT CODED,00 NOT CODED,00 NOT CODED,01 NO,0,0,0,0,1,0,1,1,N,N,N,N,Y,N,N,N,N,N,N,N,N,N,N,N,N,N,N,N,N,Y,Y,N,N,N,26.705636742,-80.072852662,592227.817448,2954167.852305,O,,ARBM15Q1R2,"January 7, 2023",2734712,-8913669.482090937,3086743.45456761
2020899181910,2020,899181910,20200010318,COUNTY SHERIFF'S OFFICE,04 FOURTH,PALM BEACH,"July 1, 2020",1431,THURSDAY,9394 WEST PALM BEACH,0694,Y,OKEECHOBEE BLVD,PALM BEACH LAKES BLVD,0.019,E,0,0,26.7066756,-80.1001076,93280000,6.219,01738,SR 704,,L LEFT,2 THRU LANE 2,W WEST,30 URBAN 6+LN 2WY DIVD RASD,03 STATE,01 NON-JUNCTION,01 ON ROADWAY,01 NOT AT INTERSECTION,01 PAVED,36,"August 3, 2020",14 URBAN PRIN ART OTHER,33,PAVED,3,CURB&GUTTER,2,,0,30,53000,RCI,2.3,,45,1 NO INJURY,31 Q/C COMPLETED - LOC VERIFIED,0 NO,03 INFLUENCED BY INTERSECTION,01 DAYLIGHT,01 CLEAR,01 DRY,01 LEVEL,1 STRAIGHT,"TWO-WAY, NOT DIVIDED","TWO-WAY, NOT DIVIDED",NO CONTROLS,NO CONTROLS,7,NONE,NOT CODED,NOT CODED,NONE,NOT CODED,NOT CODED,14 MOTOR VEHICLE IN TRANSPORT,01 FRONT TO REAR,01 STRAIGHT AHEAD,FOLLOWED TOO CLOSELY,NO CONTRIBUTING ACTION,00 NOT CODED,00 NOT CODED,00 NOT CODED,00 NOT CODED,01 NO,0,0,0,0,2,0,2,2,N,N,N,Y,N,N,N,N,N,N,N,N,N,N,N,N,N,N,N,N,Y,N,N,N,N,N,26.706812961,-80.099960398,589530.225213,2954278.807873,L,,ARBM15Q1R2,"January 7, 2023",2735059,-8916687.102306953,3086890.0265664915
2020894546630,2020,894546630,20200000827,COUNTY SHERIFF'S OFFICE,04 FOURTH,PALM BEACH,"January 11, 2020",1700,SUNDAY,9394 WEST PALM BEACH,0694,Y,UPLAND RD,DIXIE HWY S,0.034,W,0,0,26.6930862,-80.0542636,93020001,2.165,00721,SR 5,US 1,T SIDE RD LEFT,P PARKING,0,22 URBAN 4-5LN 2WY UNDIVD,05 LOCAL,01 NON-JUNCTION,03 SHOULDER,01 NOT AT INTERSECTION,03 CURB,44,"June 9, 2019",16 URBAN MINOR ART,44,CURB&GUTTER,2,,0,,0,,17000,RCI,4.9,,35,0 UNKNOWN/NOT CODED,31 Q/C COMPLETED - LOC VERIFIED,0 NO,03 INFLUENCED BY INTERSECTION,01 DAYLIGHT,01 CLEAR,01 DRY,01 LEVEL,1 STRAIGHT,NOT CODED,"TWO-WAY, NOT DIVIDED",NO CONTROLS,NO CONTROLS,4,NONE,NOT CODED,NOT CODED,NONE,NOT CODED,NOT CODED,15 PARKED MOTOR VEHICLE,88 UNKNOWN,88 UNKNOWN,NOT CODED,NOT CODED,00 NOT CODED,00 NOT CODED,00 NOT CODED,00 NOT CODED,01 NO,0,0,0,0,1,0,2,1,N,N,N,Y,N,N,N,N,N,N,N,N,N,N,N,N,N,N,N,N,N,N,N,N,N,N,26.693084157,-80.054275204,594086.218976,2952791.058989,C,,ARBM15Q1R2,"January 7, 2023",2735186,-8911601.448120287,3085179.334782075
2020894546640,2020,894546640,20200000848,COUNTY SHERIFF'S OFFICE,04 FOURTH,PALM BEACH,"January 12, 2020",0608,MONDAY,9394 WEST PALM BEACH,0694,Y,US 1,QUADRILLE BLVD N,0.002,N,0,0,26.7184842,-80.0533929,93020001,0.411,00269,SR 5,US 1,R RIGHT,2 THRU LANE 2,N NORTH,21 URBAN 4-5LN 2WY DIVD PAVD,03 STATE,03 INTERSECTION-RELATED,01 ON ROADWAY,01 NOT AT INTERSECTION,03 CURB,48,"June 9, 2019",16 URBAN MINOR ART,20,CURB&GUTTER,2,,0,,0,14,16000,RCI,5.7,,30,1 NO INJURY,31 Q/C COMPLETED - LOC VERIFIED,0 NO,03 INFLUENCED BY INTERSECTION,03 DAWN,01 CLEAR,01 DRY,01 LEVEL,1 STRAIGHT,"TWO-WAY, NOT DIVIDED","TWO-WAY, NOT DIVIDED",NO CONTROLS,NO CONTROLS,4,NONE,NOT CODED,NOT CODED,NONE,NOT CODED,NOT CODED,14 MOTOR VEHICLE IN TRANSPORT,"04 SIDESWIPE, SAME DIRECTION",03 TURNING LEFT,FAILED TO KEEP IN PROPER LANE,NO CONTRIBUTING ACTION,00 NOT CODED,00 NOT CODED,00 NOT CODED,00 NOT CODED,01 NO,0,0,0,0,2,0,2,3,N,N,N,Y,N,N,N,N,N,N,N,N,N,N,N,N,N,N,N,N,N,Y,N,N,N,Y,26.718507126,-80.053386459,594153.731242,2955607.656249,C,,ARBM15Q1R2,"January 7, 2023",2735187,-8911502.513621511,3088347.3529922427
2020899184160,2020,899184160,20200011320,COUNTY SHERIFF'S OFFICE,04 FOURTH,PALM BEACH,"July 21, 2020",1139,WEDNESDAY,9394 WEST PALM BEACH,0694,Y,BROADWAY,27TH ST,0.002,S,0,0,26.7382373,-80.0567648,93020000,10.407,00751,SR 5,US 1,M MEDIAN,M MIDDLE,S SOUTH,21 URBAN 4-5LN 2WY DIVD PAVD,02 U.S.,01 NON-JUNCTION,04 MEDIAN,01 NOT AT INTERSECTION,03 CURB,45,"June 10, 2019",16 URBAN MINOR ART,22,CURB&GUTTER,2,,0,,0,16,16200,RCI,2.4,,35,2 POSSIBLE INJURY,31 Q/C COMPLETED - LOC VERIFIED,0 NO,01 NOT AT INTERSECTION/RRX/BRIDGE,01 DAYLIGHT,03 RAIN,02 WET,01 LEVEL,1 STRAIGHT,"TWO-WAY, DIVIDED, POSITIVE MED",,NO CONTROLS,NOT CODED,4,"RD SURFC (WET, ICY, SNOW, ETC)",NOT CODED,NOT CODED,WEATHER CONDITIONS,NOT CODED,NOT CODED,24 CURB,03 ANGLE,01 STRAIGHT AHEAD,OTHER CONTRIBUTING ACTION,NOT CODED,00 NOT CODED,00 NOT CODED,00 NOT CODED,00 NOT CODED,01 NO,1,0,0,0,1,0,1,1,N,N,N,N,Y,N,N,N,N,N,N,N,N,N,N,N,N,N,N,N,N,N,N,N,N,N,26.73818295,-80.056766535,593801.379932,2957784.534811,C,,ARBM15Q1R2,"January 7, 2023",2735466,-8911878.78216538,3090799.6911403327
2020899174730,2020,899174730,20200007158,COUNTY SHERIFF'S OFFICE,04 FOURTH,PALM BEACH,"April 29, 2020",1721,THURSDAY,9394 WEST PALM BEACH,0694,Y,BROADWAY,42ND ST,0.009,S,0,0,26.7507685,-80.0563565,93020000,11.27,00766,SR 5,US 1,R RIGHT,1 THRU LANE 1,N NORTH,20 URBAN 4-5LN 2WY DIVD RASD,05 LOCAL,01 NON-JUNCTION,01 ON ROADWAY,01 NOT AT INTERSECTION,03 CURB,45,"June 10, 2019",16 URBAN MINOR ART,21,CURB&GUTTER,2,,0,,0,16,24500,RCI,6,,35,1 NO INJURY,31 Q/C COMPLETED - LOC VERIFIED,0 NO,03 INFLUENCED BY INTERSECTION,01 DAYLIGHT,01 CLEAR,01 DRY,01 LEVEL,1 STRAIGHT,"TWO-WAY, DIVIDED, POSITIVE MED","TWO-WAY, DIVIDED, POSITIVE MED",NO CONTROLS,NO CONTROLS,4,NONE,NOT CODED,NOT CODED,NONE,NOT CODED,NOT CODED,14 MOTOR VEHICLE IN TRANSPORT,03 ANGLE,06 CHANGING LANES,FAILED TO YIELD RIGHT-OF-WAY,NO CONTRIBUTING ACTION,00 NOT CODED,00 NOT CODED,00 NOT CODED,00 NOT CODED,01 NO,0,0,0,0,2,0,2,2,N,N,N,Y,N,N,N,N,N,N,N,N,N,N,N,N,N,N,N,N,N,Y,Y,N,N,N,26.75074289,-80.056372551,593830.250817,2959176.016748,C,,ARBM15Q1R2,"January 7, 2023",2735467,-8911834.924018906,3092365.3477668827
2020894546990,2020,894546990,20200000981,COUNTY SHERIFF'S OFFICE,04 FOURTH,PALM BEACH,"January 13, 2020",1707,TUESDAY,9394 WEST PALM BEACH,0694,Y,DIXIE HWY S,CLAREMORE DR,0.019,N,0,0,26.6947794,-80.0541777,93020001,2.048,00717,SR 5,US 1,L LEFT,2 THRU LANE 2,S SOUTH,22 URBAN 4-5LN 2WY UNDIVD,02 U.S.,01 NON-JUNCTION,01 ON ROADWAY,01 NOT AT INTERSECTION,03 CURB,44,"June 9, 2019",16 URBAN MINOR ART,44,CURB&GUTTER,2,,0,,0,,17000,RCI,4.9,,35,1 NO INJURY,31 Q/C COMPLETED - LOC VERIFIED,0 NO,03 INFLUENCED BY INTERSECTION,01 DAYLIGHT,01 CLEAR,01 DRY,01 LEVEL,1 STRAIGHT,"TWO-WAY, NOT DIVIDED","TWO-WAY, NOT DIVIDED",NO CONTROLS,NO CONTROLS,4,NONE,NOT CODED,NOT CODED,NONE,NOT CODED,NOT CODED,14 MOTOR VEHICLE IN TRANSPORT,01 FRONT TO REAR,01 STRAIGHT AHEAD,OPERATED MV IN CARLESS OR NEGL,NO CONTRIBUTING ACTION,00 NOT CODED,00 NOT CODED,00 NOT CODED,00 NOT CODED,01 NO,0,0,0,0,2,0,2,4,N,N,N,Y,N,N,N,N,N,N,N,N,N,N,N,N,N,N,N,N,N,Y,N,N,Y,N,26.694777902,-80.054179893,594094.310254,2952978.734409,C,,ARBM15Q1R2,"January 7, 2023",2735734,-8911590.838116916,3085390.374505021
2020899174970,2020,899174970,20200007289,COUNTY SHERIFF'S OFFICE,04 FOURTH,PALM BEACH,"May 2, 2020",1334,SUNDAY,9394 WEST PALM BEACH,0694,Y,OKEECHOBEE BLVD,CHURCH ST,0.152,E,0,0,26.7061414,-80.0794688,93280000,7.494,04300,SR 704,,L LEFT,1 THRU LANE 1,E EAST,30 URBAN 6+LN 2WY DIVD RASD,03 STATE,04 DRIVEWAY/ALLEY ACCESS RELATED,01 ON ROADWAY,01 NOT AT INTERSECTION,03 CURB,36,"August 3, 2020",14 URBAN PRIN ART OTHER,43,PAVED,3,CURB&GUTTER,2,,0,19,57000,RCI,5.8,,45,1 NO INJURY,31 Q/C COMPLETED - LOC VERIFIED,0 NO,04 DRIVEWAY ACCESS,01 DAYLIGHT,02 CLOUDY,01 DRY,01 LEVEL,1 STRAIGHT,"TWO-WAY, DIVIDED, POSITIVE MED","TWO-WAY, NOT DIVIDED",STOP SIGN,NO CONTROLS,8,NONE,NOT CODED,NOT CODED,NONE,NOT CODED,NOT CODED,14 MOTOR VEHICLE IN TRANSPORT,01 FRONT TO REAR,17 ENTERING TRAFFIC LANE,OTHER CONTRIBUTING ACTION,OTHER CONTRIBUTING ACTION,00 NOT CODED,00 NOT CODED,00 NOT CODED,00 NOT CODED,01 NO,0,0,0,0,2,0,2,3,N,N,N,N,N,N,N,N,N,N,N,N,N,N,N,N,Y,N,N,N,Y,N,N,N,N,N,26.706288453,-80.079242824,591591.602889,2954235.430569,L,,ARBM15Q1R2,"January 7, 2023",2735972,-8914380.83178917,3086824.6660553487